"TicketID","Description"
"1513898","; ; ;I am using galaxedev2 account for connecting ford foundation production systems through cyber Ark. While connecting production servers  ;FFSMQ0334 &amp; FFSMQ0333 , I am getting below error:  ;attached"
"1513051","Please give Dave the admin privilege to ffsmq0523"
"1512876","Getting error while logging into Cyber ark."
"1513898","; ; ;I am using galaxedev2 account for connecting ford foundation production systems through cyber Ark. While connecting production servers  ;FFSMQ0334 &amp; FFSMQ0333 , I am getting below error:  ;attached"
"1513051","Please give Dave the admin privilege to ffsmq0523"
"1512876","Getting error while logging into Cyber ark."
"1516007","Req# 122899 was recommended by the Director, however, it is not on the TDL for VP Recommendation"
"1514742","Need to add request to 7.31.2014 Agenda ;    	 Please add req# 122870 to SCHEDULED FOR APPROVAL agenda for July 31, 2014...request was downgraded to change support type and needs to be added back to agenda...did not want to change agenda status in order to not include any other requests that have been VP Recommended"
"1514370","Approved grant still appearing on my TDL under "Confirm Grant Amount" ;    	 Request #122021 Burness Communications was approved in April but is till appearing on my TDL.  ;"
"1514171","Need to roll back GSR for Req 105269 ;    	 GSR for FY 2014 was approved and needs to be reverted back to GM SUbmitted"
"1513898","; ; ;I am using galaxedev2 account for connecting ford foundation production systems through cyber Ark. While connecting production servers  ;FFSMQ0334 &amp; FFSMQ0333 , I am getting below error:  ;attached"
"1513051","Please give Dave the admin privilege to ffsmq0523"
"1513037","Some Grantee names are not showing up in the Decreases to Appropriations Report ;    	 See attachment"
"1512876","Getting error while logging into Cyber ark."
"1513898","I am using galaxedev2 account for connecting ford foundation production systems through cyber Ark. While connecting production servers  FFSMQ0334 &amp; FFSMQ0333 , I am getting below error:  attached"
"1513051","Please give Dave the admin privilege to ffsmq0523"
"1512876","Getting error while logging into Cyber ark."
"1516007","Req# 122899 was recommended by the Director, however, it is not on the TDL for VP Recommendation"
"1514742","Need to add request to 7.31.2014 Agenda     	 Please add req# 122870 to SCHEDULED FOR APPROVAL agenda for July 31, 2014...request was downgraded to change support type and needs to be added back to agenda...did not want to change agenda status in order to not include any other requests that have been VP Recommended"
"1514370","Approved grant still appearing on my TDL under "Confirm Grant Amount"     	 Request #122021 Burness Communications was approved in April but is till appearing on my TDL."
"1514171","Need to roll back GSR for Req 105269     	 GSR for FY 2014 was approved and needs to be reverted back to GM SUbmitted"
"1513898","I am using galaxedev2 account for connecting ford foundation production systems through cyber Ark. While connecting production servers  FFSMQ0334 &amp; FFSMQ0333 , I am getting below error:  attached"
"1513051","Please give Dave the admin privilege to ffsmq0523"
"1513037","Some Grantee names are not showing up in the Decreases to Appropriations Report     	 See attachment"
"1512876","Getting error while logging into Cyber ark."
